{"_step":4,"epoch":5,"train_loss":0.027189495086669922,"_wandb":{"runtime":589},"_runtime":589,"_timestamp":1.7639088483599117e+09}