{"_step":0,"_wandb":{"runtime":65},"_runtime":65,"epoch":1,"train_loss":0.2822462846957147,"_timestamp":1.763906985736901e+09}