{"_timestamp":1.7639092921090643e+09,"_step":4,"_wandb":{"runtime":434},"_runtime":434,"epoch":5,"train_loss":0.026911549377441408}