{"_wandb":{"runtime":289},"_runtime":289,"epoch":6,"train_loss":0.0008355652916245162,"_timestamp":1.763907446662975e+09,"_step":5}