{"train_loss":0.17723945693969725,"_wandb":{"runtime":290},"_runtime":290,"_timestamp":1.7639079989366012e+09,"_step":3,"epoch":4}