{"epoch":5,"_wandb":{"runtime":358},"_runtime":358,"train_loss":0.028675665283203124,"_timestamp":1.7639096576691248e+09,"_step":4}